{
    "display": {
        "icon": {
            "item": "minecraft:player_head",
			"nbt": "{SkullOwner:{Id:[I;1768906683,374884919,-1225464118,-1804327768],Properties:{textures:[{Value:\"eyJ0ZXh0dXJlcyI6eyJTS0lOIjp7InVybCI6Imh0dHA6Ly90ZXh0dXJlcy5taW5lY3JhZnQubmV0L3RleHR1cmUvOTE2ZDE2N2M1NzQ0ZWQxNGViYzAyZjQ0N2YzMjYxNDA1OTM2MmI3ZDJlY2I4MDhmZjA2MTY1ZDJjMzQzYmVmMiJ9fX0=\"}]}}}"
        },
        "title": {"translate":"Family Reunion"},
        "description": {"translate":"Reunite all zombie variants (and their baby forms) in one place"},
		"frame": "challenge"
    },
    "parent": "blazeandcave:combat/freezing",
	"rewards": {
		"experience": 100,
		"function": "bc_rewards:combat/family_reunion"
    },
    "criteria": {
        "family_reunion": {
            "trigger": "minecraft:impossible"
        }
    }
}