{
    "display": {
        "icon": {
            "item": "minecraft:player_head",
			"nbt": "{SkullOwner:{Id:[I;-258220559,-434548866,-1620885784,1820151027],Properties:{textures:[{Value:\"eyJ0ZXh0dXJlcyI6eyJTS0lOIjp7InVybCI6Imh0dHA6Ly90ZXh0dXJlcy5taW5lY3JhZnQubmV0L3RleHR1cmUvOTE2YjhlOTgzODljNTQxYmIzNjQ1Mzg1MGJjYmQxZjdiYzVhNTdkYTYyZGNjNTA1MDYwNDA5NzM3ZWM1YjcyYSJ9fX0=\"}]}}}"
        },
        "title": {"translate":"Legend of Hell Chicken Riders"},
        "description": {"translate":"Kill a chicken jockey in the nether"},
		"frame": "goal"
    },
    "parent": "blazeandcave:combat/baby_baby_baby_noo",
    "rewards": {
        "function": "bc_rewards:combat/legend_of_the_hell_chicken_rider"
    },		
    "criteria": {
        "chicken": {
            "trigger": "minecraft:player_killed_entity",
            "conditions": {
                "entity": {
                    "type": "chicken",
					"nbt": "{Passengers:[{id:\"minecraft:zombified_piglin\"}]}"
                }
            }
        },
        "zombified_piglin": {
            "trigger": "minecraft:player_killed_entity",
            "conditions": {
                "entity": {
                    "type": "zombified_piglin",
					"vehicle": {
						"type": "chicken"
					}
                }
            }
        }
    },
	"requirements": [
		[
			"chicken",
			"zombified_piglin"
		]
	]
}