{
    "display": {
        "icon": {
            "item": "minecraft:enchanting_table",
			"nbt": "{Enchantments:[{id:\"minecraft:unbreaking\",lvl:1}]}"
        },
        "title": {"translate":"Master Enchanter"},
        "description": {"translate":"Obtain every enchantment at their max level throughout your enchanting career"},
		"frame": "challenge"
    },
    "parent": "blazeandcave:enchanting/complete_enchanter",
    "rewards": {
        "experience": 200,	
		"function": "bc_rewards:enchanting/master_enchanter"
    },			
    "criteria": {
        "protection": {
            "trigger": "minecraft:inventory_changed",
            "conditions": {
				"items": [
					{
						"enchantments": [
							{
								"enchantment": "minecraft:protection",
								"levels": 4
							}
						]
					}
				]
			}
		},	
        "fire_protection": {
            "trigger": "minecraft:inventory_changed",
            "conditions": {
				"items": [
					{
						"enchantments": [
							{
								"enchantment": "minecraft:fire_protection",
								"levels": 4
							}
						]
					}
				]
			}
		},
        "feather_falling": {
            "trigger": "minecraft:inventory_changed",
            "conditions": {
				"items": [
					{
						"enchantments": [
							{
								"enchantment": "minecraft:feather_falling",
								"levels": 4
							}
						]
					}
				]
			}
		},		
        "blast_protection": {
            "trigger": "minecraft:inventory_changed",
            "conditions": {
				"items": [
					{
						"enchantments": [
							{
								"enchantment": "minecraft:blast_protection",
								"levels": 4
							}
						]
					}
				]
			}
		},
        "projectile_protection": {
            "trigger": "minecraft:inventory_changed",
            "conditions": {
				"items": [
					{
						"enchantments": [
							{
								"enchantment": "minecraft:projectile_protection",
								"levels": 4
							}
						]
					}
				]
			}
		},
        "respiration": {
            "trigger": "minecraft:inventory_changed",
            "conditions": {
				"items": [
					{
						"enchantments": [
							{
								"enchantment": "minecraft:respiration",
								"levels": 3
							}
						]
					}
				]
			}
		},		
        "aqua_affinity": {
            "trigger": "minecraft:inventory_changed",
            "conditions": {
				"items": [
					{
						"enchantments": [
							{
								"enchantment": "minecraft:aqua_affinity",
								"levels": 1
							}
						]
					}
				]
			}
		},	
        "thorns": {
            "trigger": "minecraft:inventory_changed",
            "conditions": {
				"items": [
					{
						"enchantments": [
							{
								"enchantment": "minecraft:thorns",
								"levels": 3
							}
						]
					}
				]
			}
		},		
        "depth_strider": {
            "trigger": "minecraft:inventory_changed",
            "conditions": {
				"items": [
					{
						"enchantments": [
							{
								"enchantment": "minecraft:depth_strider",
								"levels": 3
							}
						]
					}
				]
			}
		},
        "frost_walker": {
            "trigger": "minecraft:inventory_changed",
            "conditions": {
				"items": [
					{
						"enchantments": [
							{
								"enchantment": "minecraft:frost_walker",
								"levels": 2
							}
						]
					}
				]
			}
		},
        "binding_curse": {
            "trigger": "minecraft:inventory_changed",
            "conditions": {
				"items": [
					{
						"enchantments": [
							{
								"enchantment": "minecraft:binding_curse",
								"levels": 1
							}
						]
					}
				]
			}
		},
        "sharpness": {
            "trigger": "minecraft:inventory_changed",
            "conditions": {
				"items": [
					{
						"enchantments": [
							{
								"enchantment": "minecraft:sharpness",
								"levels": 5
							}
						]
					}
				]
			}
		},
        "smite": {
            "trigger": "minecraft:inventory_changed",
            "conditions": {
				"items": [
					{
						"enchantments": [
							{
								"enchantment": "minecraft:smite",
								"levels": 5
							}
						]
					}
				]
			}
		},
        "bane_of_arthropods": {
            "trigger": "minecraft:inventory_changed",
            "conditions": {
				"items": [
					{
						"enchantments": [
							{
								"enchantment": "minecraft:bane_of_arthropods",
								"levels": 5
							}
						]
					}
				]
			}
		},
        "knockback": {
            "trigger": "minecraft:inventory_changed",
            "conditions": {
				"items": [
					{
						"enchantments": [
							{
								"enchantment": "minecraft:knockback",
								"levels": 2
							}
						]
					}
				]
			}
		},
        "fire_aspect": {
            "trigger": "minecraft:inventory_changed",
            "conditions": {
				"items": [
					{
						"enchantments": [
							{
								"enchantment": "minecraft:fire_aspect",
								"levels": 2
							}
						]
					}
				]
			}
		},
        "looting": {
            "trigger": "minecraft:inventory_changed",
            "conditions": {
				"items": [
					{
						"enchantments": [
							{
								"enchantment": "minecraft:looting",
								"levels": 3
							}
						]
					}
				]
			}
		},
        "sweeping": {
            "trigger": "minecraft:inventory_changed",
            "conditions": {
				"items": [
					{
						"enchantments": [
							{
								"enchantment": "minecraft:sweeping",
								"levels": 3
							}
						]
					}
				]
			}
		},
        "efficiency": {
            "trigger": "minecraft:inventory_changed",
            "conditions": {
				"items": [
					{
						"enchantments": [
							{
								"enchantment": "minecraft:efficiency",
								"levels": 5
							}
						]
					}
				]
			}
		},
        "silk_touch": {
            "trigger": "minecraft:inventory_changed",
            "conditions": {
				"items": [
					{
						"enchantments": [
							{
								"enchantment": "minecraft:silk_touch",
								"levels": 1
							}
						]
					}
				]
			}
		},
        "unbreaking": {
            "trigger": "minecraft:inventory_changed",
            "conditions": {
				"items": [
					{
						"enchantments": [
							{
								"enchantment": "minecraft:unbreaking",
								"levels": 3
							}
						]
					}
				]
			}
		},
        "fortune": {
            "trigger": "minecraft:inventory_changed",
            "conditions": {
				"items": [
					{
						"enchantments": [
							{
								"enchantment": "minecraft:fortune",
								"levels": 3
							}
						]
					}
				]
			}
		},
        "power": {
            "trigger": "minecraft:inventory_changed",
            "conditions": {
				"items": [
					{
						"enchantments": [
							{
								"enchantment": "minecraft:power",
								"levels": 5
							}
						]
					}
				]
			}
		},
        "punch": {
            "trigger": "minecraft:inventory_changed",
            "conditions": {
				"items": [
					{
						"enchantments": [
							{
								"enchantment": "minecraft:punch",
								"levels": 2
							}
						]
					}
				]
			}
		},
        "flame": {
            "trigger": "minecraft:inventory_changed",
            "conditions": {
				"items": [
					{
						"enchantments": [
							{
								"enchantment": "minecraft:flame",
								"levels": 1
							}
						]
					}
				]
			}
		},
        "infinity": {
            "trigger": "minecraft:inventory_changed",
            "conditions": {
				"items": [
					{
						"enchantments": [
							{
								"enchantment": "minecraft:infinity",
								"levels": 1
							}
						]
					}
				]
			}
		},
        "luck_of_the_sea": {
            "trigger": "minecraft:inventory_changed",
            "conditions": {
				"items": [
					{
						"enchantments": [
							{
								"enchantment": "minecraft:luck_of_the_sea",
								"levels": 3
							}
						]
					}
				]
			}
		},
        "lure": {
            "trigger": "minecraft:inventory_changed",
            "conditions": {
				"items": [
					{
						"enchantments": [
							{
								"enchantment": "minecraft:lure",
								"levels": 3
							}
						]
					}
				]
			}
		},
        "mending": {
            "trigger": "minecraft:inventory_changed",
            "conditions": {
				"items": [
					{
						"enchantments": [
							{
								"enchantment": "minecraft:mending",
								"levels": 1
							}
						]
					}
				]
			}
		},
        "vanishing_curse": {
            "trigger": "minecraft:inventory_changed",
            "conditions": {
				"items": [
					{
						"enchantments": [
							{
								"enchantment": "minecraft:vanishing_curse",
								"levels": 1
							}
						]
					}
				]
			}
		},
        "loyalty": {
            "trigger": "minecraft:inventory_changed",
            "conditions": {
				"items": [
					{
						"enchantments": [
							{
								"enchantment": "minecraft:loyalty",
								"levels": 3
							}
						]
					}
				]
			}
		},
        "riptide": {
            "trigger": "minecraft:inventory_changed",
            "conditions": {
				"items": [
					{
						"enchantments": [
							{
								"enchantment": "minecraft:riptide",
								"levels": 3
							}
						]
					}
				]
			}
		},
        "impaling": {
            "trigger": "minecraft:inventory_changed",
            "conditions": {
				"items": [
					{
						"enchantments": [
							{
								"enchantment": "minecraft:impaling",
								"levels": 5
							}
						]
					}
				]
			}
		},
        "channeling": {
            "trigger": "minecraft:inventory_changed",
            "conditions": {
				"items": [
					{
						"enchantments": [
							{
								"enchantment": "minecraft:channeling",
								"levels": 1
							}
						]
					}
				]
			}
		},
        "quick_charge": {
            "trigger": "minecraft:inventory_changed",
            "conditions": {
				"items": [
					{
						"enchantments": [
							{
								"enchantment": "minecraft:quick_charge",
								"levels": 3
							}
						]
					}
				]
			}
		},
        "piercing": {
            "trigger": "minecraft:inventory_changed",
            "conditions": {
				"items": [
					{
						"enchantments": [
							{
								"enchantment": "minecraft:piercing",
								"levels": 4
							}
						]
					}
				]
			}
		},
        "multishot": {
            "trigger": "minecraft:inventory_changed",
            "conditions": {
				"items": [
					{
						"enchantments": [
							{
								"enchantment": "minecraft:multishot",
								"levels": 1
							}
						]
					}
				]
			}
		},
        "soul_speed": {
            "trigger": "minecraft:inventory_changed",
            "conditions": {
				"items": [
					{
						"enchantments": [
							{
								"enchantment": "minecraft:soul_speed",
								"levels": 3
							}
						]
					}
				]
			}
		},
        "protection_book": {
            "trigger": "minecraft:inventory_changed",
            "conditions": {
				"items": [
					{
						"stored_enchantments": [
							{
								"enchantment": "minecraft:protection",
								"levels": 4
							}
						]
					}
				]
			}
		},	
        "fire_protection_book": {
            "trigger": "minecraft:inventory_changed",
            "conditions": {
				"items": [
					{
						"stored_enchantments": [
							{
								"enchantment": "minecraft:fire_protection",
								"levels": 4
							}
						]
					}
				]
			}
		},
        "feather_falling_book": {
            "trigger": "minecraft:inventory_changed",
            "conditions": {
				"items": [
					{
						"stored_enchantments": [
							{
								"enchantment": "minecraft:feather_falling",
								"levels": 4
							}
						]
					}
				]
			}
		},		
        "blast_protection_book": {
            "trigger": "minecraft:inventory_changed",
            "conditions": {
				"items": [
					{
						"stored_enchantments": [
							{
								"enchantment": "minecraft:blast_protection",
								"levels": 4
							}
						]
					}
				]
			}
		},
        "projectile_protection_book": {
            "trigger": "minecraft:inventory_changed",
            "conditions": {
				"items": [
					{
						"stored_enchantments": [
							{
								"enchantment": "minecraft:projectile_protection",
								"levels": 4
							}
						]
					}
				]
			}
		},
        "respiration_book": {
            "trigger": "minecraft:inventory_changed",
            "conditions": {
				"items": [
					{
						"stored_enchantments": [
							{
								"enchantment": "minecraft:respiration",
								"levels": 3
							}
						]
					}
				]
			}
		},		
        "aqua_affinity_book": {
            "trigger": "minecraft:inventory_changed",
            "conditions": {
				"items": [
					{
						"stored_enchantments": [
							{
								"enchantment": "minecraft:aqua_affinity",
								"levels": 1
							}
						]
					}
				]
			}
		},	
        "thorns_book": {
            "trigger": "minecraft:inventory_changed",
            "conditions": {
				"items": [
					{
						"stored_enchantments": [
							{
								"enchantment": "minecraft:thorns",
								"levels": 3
							}
						]
					}
				]
			}
		},		
        "depth_strider_book": {
            "trigger": "minecraft:inventory_changed",
            "conditions": {
				"items": [
					{
						"stored_enchantments": [
							{
								"enchantment": "minecraft:depth_strider",
								"levels": 3
							}
						]
					}
				]
			}
		},
        "frost_walker_book": {
            "trigger": "minecraft:inventory_changed",
            "conditions": {
				"items": [
					{
						"stored_enchantments": [
							{
								"enchantment": "minecraft:frost_walker",
								"levels": 2
							}
						]
					}
				]
			}
		},
        "binding_curse_book": {
            "trigger": "minecraft:inventory_changed",
            "conditions": {
				"items": [
					{
						"stored_enchantments": [
							{
								"enchantment": "minecraft:binding_curse",
								"levels": 1
							}
						]
					}
				]
			}
		},
        "sharpness_book": {
            "trigger": "minecraft:inventory_changed",
            "conditions": {
				"items": [
					{
						"stored_enchantments": [
							{
								"enchantment": "minecraft:sharpness",
								"levels": 5
							}
						]
					}
				]
			}
		},
        "smite_book": {
            "trigger": "minecraft:inventory_changed",
            "conditions": {
				"items": [
					{
						"stored_enchantments": [
							{
								"enchantment": "minecraft:smite",
								"levels": 5
							}
						]
					}
				]
			}
		},
        "bane_of_arthropods_book": {
            "trigger": "minecraft:inventory_changed",
            "conditions": {
				"items": [
					{
						"stored_enchantments": [
							{
								"enchantment": "minecraft:bane_of_arthropods",
								"levels": 5
							}
						]
					}
				]
			}
		},
        "knockback_book": {
            "trigger": "minecraft:inventory_changed",
            "conditions": {
				"items": [
					{
						"stored_enchantments": [
							{
								"enchantment": "minecraft:knockback",
								"levels": 2
							}
						]
					}
				]
			}
		},
        "fire_aspect_book": {
            "trigger": "minecraft:inventory_changed",
            "conditions": {
				"items": [
					{
						"stored_enchantments": [
							{
								"enchantment": "minecraft:fire_aspect",
								"levels": 2
							}
						]
					}
				]
			}
		},
        "looting_book": {
            "trigger": "minecraft:inventory_changed",
            "conditions": {
				"items": [
					{
						"stored_enchantments": [
							{
								"enchantment": "minecraft:looting",
								"levels": 3
							}
						]
					}
				]
			}
		},
        "sweeping_book": {
            "trigger": "minecraft:inventory_changed",
            "conditions": {
				"items": [
					{
						"stored_enchantments": [
							{
								"enchantment": "minecraft:sweeping",
								"levels": 3
							}
						]
					}
				]
			}
		},
        "efficiency_book": {
            "trigger": "minecraft:inventory_changed",
            "conditions": {
				"items": [
					{
						"stored_enchantments": [
							{
								"enchantment": "minecraft:efficiency",
								"levels": 5
							}
						]
					}
				]
			}
		},
        "silk_touch_book": {
            "trigger": "minecraft:inventory_changed",
            "conditions": {
				"items": [
					{
						"stored_enchantments": [
							{
								"enchantment": "minecraft:silk_touch",
								"levels": 1
							}
						]
					}
				]
			}
		},
        "unbreaking_book": {
            "trigger": "minecraft:inventory_changed",
            "conditions": {
				"items": [
					{
						"stored_enchantments": [
							{
								"enchantment": "minecraft:unbreaking",
								"levels": 3
							}
						]
					}
				]
			}
		},
        "fortune_book": {
            "trigger": "minecraft:inventory_changed",
            "conditions": {
				"items": [
					{
						"stored_enchantments": [
							{
								"enchantment": "minecraft:fortune",
								"levels": 3
							}
						]
					}
				]
			}
		},
        "power_book": {
            "trigger": "minecraft:inventory_changed",
            "conditions": {
				"items": [
					{
						"stored_enchantments": [
							{
								"enchantment": "minecraft:power",
								"levels": 5
							}
						]
					}
				]
			}
		},
        "punch_book": {
            "trigger": "minecraft:inventory_changed",
            "conditions": {
				"items": [
					{
						"stored_enchantments": [
							{
								"enchantment": "minecraft:punch",
								"levels": 2
							}
						]
					}
				]
			}
		},
        "flame_book": {
            "trigger": "minecraft:inventory_changed",
            "conditions": {
				"items": [
					{
						"stored_enchantments": [
							{
								"enchantment": "minecraft:flame",
								"levels": 1
							}
						]
					}
				]
			}
		},
        "infinity_book": {
            "trigger": "minecraft:inventory_changed",
            "conditions": {
				"items": [
					{
						"stored_enchantments": [
							{
								"enchantment": "minecraft:infinity",
								"levels": 1
							}
						]
					}
				]
			}
		},
        "luck_of_the_sea_book": {
            "trigger": "minecraft:inventory_changed",
            "conditions": {
				"items": [
					{
						"stored_enchantments": [
							{
								"enchantment": "minecraft:luck_of_the_sea",
								"levels": 3
							}
						]
					}
				]
			}
		},
        "lure_book": {
            "trigger": "minecraft:inventory_changed",
            "conditions": {
				"items": [
					{
						"stored_enchantments": [
							{
								"enchantment": "minecraft:lure",
								"levels": 3
							}
						]
					}
				]
			}
		},
        "mending_book": {
            "trigger": "minecraft:inventory_changed",
            "conditions": {
				"items": [
					{
						"stored_enchantments": [
							{
								"enchantment": "minecraft:mending",
								"levels": 1
							}
						]
					}
				]
			}
		},
        "vanishing_curse_book": {
            "trigger": "minecraft:inventory_changed",
            "conditions": {
				"items": [
					{
						"stored_enchantments": [
							{
								"enchantment": "minecraft:vanishing_curse",
								"levels": 1
							}
						]
					}
				]
			}
		},
        "loyalty_book": {
            "trigger": "minecraft:inventory_changed",
            "conditions": {
				"items": [
					{
						"stored_enchantments": [
							{
								"enchantment": "minecraft:loyalty",
								"levels": 3
							}
						]
					}
				]
			}
		},
        "riptide_book": {
            "trigger": "minecraft:inventory_changed",
            "conditions": {
				"items": [
					{
						"stored_enchantments": [
							{
								"enchantment": "minecraft:riptide",
								"levels": 3
							}
						]
					}
				]
			}
		},
        "impaling_book": {
            "trigger": "minecraft:inventory_changed",
            "conditions": {
				"items": [
					{
						"stored_enchantments": [
							{
								"enchantment": "minecraft:impaling",
								"levels": 5
							}
						]
					}
				]
			}
		},
        "channeling_book": {
            "trigger": "minecraft:inventory_changed",
            "conditions": {
				"items": [
					{
						"stored_enchantments": [
							{
								"enchantment": "minecraft:channeling",
								"levels": 1
							}
						]
					}
				]
			}
		},
        "quick_charge_book": {
            "trigger": "minecraft:inventory_changed",
            "conditions": {
				"items": [
					{
						"stored_enchantments": [
							{
								"enchantment": "minecraft:quick_charge",
								"levels": 3
							}
						]
					}
				]
			}
		},
        "piercing_book": {
            "trigger": "minecraft:inventory_changed",
            "conditions": {
				"items": [
					{
						"stored_enchantments": [
							{
								"enchantment": "minecraft:piercing",
								"levels": 4
							}
						]
					}
				]
			}
		},
        "multishot_book": {
            "trigger": "minecraft:inventory_changed",
            "conditions": {
				"items": [
					{
						"stored_enchantments": [
							{
								"enchantment": "minecraft:multishot",
								"levels": 1
							}
						]
					}
				]
			}
		},
        "soul_speed_book": {
            "trigger": "minecraft:inventory_changed",
            "conditions": {
				"items": [
					{
						"stored_enchantments": [
							{
								"enchantment": "minecraft:soul_speed",
								"levels": 3
							}
						]
					}
				]
			}
		}
    },	
    "requirements": [
        [
            "protection",
            "protection_book"
		],
        [
            "fire_protection",
            "fire_protection_book"
		],
        [
            "feather_falling",
            "feather_falling_book"
		],
        [
            "blast_protection",
            "blast_protection_book"
		],
        [
            "projectile_protection",
            "projectile_protection_book"
		],
        [
            "respiration",
            "respiration_book"
		],
        [
            "aqua_affinity",
            "aqua_affinity_book"
		],
        [
            "thorns",
            "thorns_book"
		],
        [
            "depth_strider",
            "depth_strider_book"
		],
        [
            "frost_walker",
            "frost_walker_book"
		],
        [
            "binding_curse",
            "binding_curse_book"
		],
        [
            "sharpness",
            "sharpness_book"
		],
        [
            "smite",
            "smite_book"
		],
        [
            "bane_of_arthropods",
            "bane_of_arthropods_book"
		],
        [
            "knockback",
            "knockback_book"
		],
        [
            "fire_aspect",
            "fire_aspect_book"
		],
        [
            "looting",
            "looting_book"
		],
        [
            "sweeping",
            "sweeping_book"
		],
        [
            "efficiency",
            "efficiency_book"
		],
        [
            "silk_touch",
            "silk_touch_book"
		],
        [
            "unbreaking",
            "unbreaking_book"
		],
        [
            "fortune",
            "fortune_book"
		],
        [
            "power",
            "power_book"
		],
        [
            "punch",
            "punch_book"
		],
        [
            "flame",
            "flame_book"
		],
        [
            "infinity",
            "infinity_book"
		],
        [
            "luck_of_the_sea",
            "luck_of_the_sea_book"
		],
        [
            "lure",
            "lure_book"
		],
        [
            "mending",
            "mending_book"
		],
        [
            "vanishing_curse",
            "vanishing_curse_book"
		],
        [
            "loyalty",
            "loyalty_book"
		],
        [
            "riptide",
            "riptide_book"
		],
        [
            "impaling",
            "impaling_book"
		],
        [
            "channeling",
            "channeling_book"
		],
        [
            "quick_charge",
            "quick_charge_book"
		],
        [
            "piercing",
            "piercing_book"
		],
        [
            "multishot",
            "multishot_book"
		],
        [
            "soul_speed",
            "soul_speed_book"
		]
    ]
}